{
    "IsEncrypted": false,
  "Values": {
    "AzureWebJobsStorage": "DefaultEndpointsProtocol=https;AccountName=fyrasidorstorage;AccountKey=Wxh97kEMPnBi5Fz0Iwt2e85MnXPdxeNNI0hJGGSpOhnLfRLNB+7/DruuIhwxG6cHkpFv3I5t09zD+ASt+K3LXA==;EndpointSuffix=core.windows.net",
    "FUNCTIONS_INPROC_NET8_ENABLED": "1",
    "FUNCTIONS_WORKER_RUNTIME": "dotnet",
    "StorageConnection": "DefaultEndpointsProtocol=https;AccountName=fyrasidorstorage;AccountKey=Wxh97kEMPnBi5Fz0Iwt2e85MnXPdxeNNI0hJGGSpOhnLfRLNB+7/DruuIhwxG6cHkpFv3I5t09zD+ASt+K3LXA==;EndpointSuffix=core.windows.net"
  }
}