{
  "dependencies": {
    "appInsights1": {
      "type": "appInsights.sdk"
    },
    "storage1": {
      "serviceConnectorResourceId": "/subscriptions/[parameters('subscriptionId')]/resourceGroups/[parameters('resourceGroupName')]/providers/Microsoft.ServiceLinker/locations/swedencentral/connectors/StorageConnection_ED5387EE17",
      "secretStore": null,
      "resourceId": "/subscriptions/[parameters('subscriptionId')]/resourceGroups/[parameters('resourceGroupName')]/providers/Microsoft.Storage/storageAccounts/fyrasidorstorage",
      "type": "storage.azure",
      "connectionId": "StorageConnection",
      "dynamicId": null
    }
  }
}